-- MySQL dump 10.13  Distrib 5.5.62, for Win64 (AMD64)
--
-- Host: localhost    Database: champions
-- ------------------------------------------------------
-- Server version	5.7.34

/*!40101 SET @OLD_CHARACTER_SET_CLIENT=@@CHARACTER_SET_CLIENT */;
/*!40101 SET @OLD_CHARACTER_SET_RESULTS=@@CHARACTER_SET_RESULTS */;
/*!40101 SET @OLD_COLLATION_CONNECTION=@@COLLATION_CONNECTION */;
/*!40101 SET NAMES utf8 */;
/*!40103 SET @OLD_TIME_ZONE=@@TIME_ZONE */;
/*!40103 SET TIME_ZONE='+00:00' */;
/*!40014 SET @OLD_UNIQUE_CHECKS=@@UNIQUE_CHECKS, UNIQUE_CHECKS=0 */;
/*!40014 SET @OLD_FOREIGN_KEY_CHECKS=@@FOREIGN_KEY_CHECKS, FOREIGN_KEY_CHECKS=0 */;
/*!40101 SET @OLD_SQL_MODE=@@SQL_MODE, SQL_MODE='NO_AUTO_VALUE_ON_ZERO' */;
/*!40111 SET @OLD_SQL_NOTES=@@SQL_NOTES, SQL_NOTES=0 */;

--
-- Table structure for table `competition`
--

DROP TABLE IF EXISTS `competition`;
/*!40101 SET @saved_cs_client     = @@character_set_client */;
/*!40101 SET character_set_client = utf8 */;
CREATE TABLE `competition` (
  `id` varchar(255) NOT NULL,
  `confederation` varchar(255) DEFAULT NULL,
  `image` varchar(255) DEFAULT NULL,
  `name` varchar(255) DEFAULT NULL,
  `rating` double DEFAULT NULL,
  `type_team` int(11) DEFAULT NULL,
  `colour` varchar(255) DEFAULT NULL,
  PRIMARY KEY (`id`)
) ENGINE=InnoDB DEFAULT CHARSET=latin1;
/*!40101 SET character_set_client = @saved_cs_client */;

--
-- Dumping data for table `competition`
--

LOCK TABLES `competition` WRITE;
/*!40000 ALTER TABLE `competition` DISABLE KEYS */;
INSERT INTO `competition` VALUES ('CLA','CONMEBOL','1BXvkTi3DtX8-UEc_Lye-EVT2X64e4AGE','COPA LIBERTADORES',9,2,'#CC9900'),('CMC','MUNDIAL','1BDOR4usRLh_Y2hE3zLRbVB0k6ki8epqh','COPA MUNDIAL CLUBES',9,2,'#666666'),('CMD','MUNDIAL','1K_AHzjHP0PTaLJ8WwLP_zm-3CokRN2rk','COPA MUNDIAL',10,1,'#000000'),('CPA','CONMEBOL','1p5gBQsB-9w9d2UO_80TGcjbdrbKD986M','COPA AMERICA',9,1,'#0066FF'),('CPAS','UEFA','1yI07dXtg41yzpG5zNvsY0jXGfOhZggSr','EUROCOPA',9.5,1,'#CC3300'),('CSD','CONMEBOL','1OmmFnL3rFRunbyhFXn7HSlFuMFv_ftIm','COPA SUDAMERICANA',8,2,'#9933FF'),('LCOL','CONMEBOL','1t4gYuvC1OtonXSx3jVyeuURo1yhaDjX_','LIGA COLOMBIANA',6,2,'#FFCC00'),('UCL','UEFA','1_CDHh9Ved2sdF0dr0WYK6Whme-VFHkGO','UEFA CHAMPIONS LEAGUE',9.5,2,'#000099'),('UEL','UEFA','1mHYnmXrhxWvnvt7Q-D3Ao-Oc-rNRQCc5','UEFA EUROPA LEAGUE',8.5,2,'#FF6600');
/*!40000 ALTER TABLE `competition` ENABLE KEYS */;
UNLOCK TABLES;

--
-- Table structure for table `history`
--

DROP TABLE IF EXISTS `history`;
/*!40101 SET @saved_cs_client     = @@character_set_client */;
/*!40101 SET character_set_client = utf8 */;
CREATE TABLE `history` (
  `id` varchar(255) NOT NULL,
  `id_competition` varchar(255) DEFAULT NULL,
  `id_team1` varchar(255) DEFAULT NULL,
  `id_team2` varchar(255) DEFAULT NULL,
  `id_team3` varchar(255) DEFAULT NULL,
  `id_team4` varchar(255) DEFAULT NULL,
  `id_tournament` varchar(255) DEFAULT NULL,
  `version` int(11) DEFAULT NULL,
  PRIMARY KEY (`id`)
) ENGINE=InnoDB DEFAULT CHARSET=latin1;
/*!40101 SET character_set_client = @saved_cs_client */;

--
-- Dumping data for table `history`
--

LOCK TABLES `history` WRITE;
/*!40000 ALTER TABLE `history` DISABLE KEYS */;
INSERT INTO `history` VALUES ('CLA--1','CLA','BLV','BCJ','','','',1),('CLA--2','CLA','UNM','CZR','','','',2),('CLA--3','CLA','RVP','INTB','','','',3),('CLA--4','CLA','INTB','INDV','','','',4),('CLA--5','CLA','ATMN','PNRL','','','',5),('CLA--6','CLA','SCR','ATMN','','','',6),('CLA--7','CLA','RVP','SPL','','','',7),('CMC--1','CMC','ARSN','NPL','','','',1),('CMC--2','CMC','RMD','TIG','','','',2),('CMC--3','CMC','JVT','SCR','','','',3),('CMD--1','CMD','FRA','MLI','SUE','PSB','',1),('CPA--1','CPA','BRA','COL','','','',1),('CPA--2','CPA','URU','COL','','','',2),('CPAS--1','CPAS','FRA','PORT','','','',1),('CPAS--2','CPAS','ESP','TRQ','','','',2),('CSD--1','CSD','BTF','','','','',1),('CSD--2','CSD','IMED','','','','',2),('CSD--3','CSD','INDV','','','','',3),('CSD--4','CSD','CNF','','','','',4),('CSD--5','CSD','DYJ','CAL','','','',5),('CSD--6','CSD','LDQ','RCN','','','',6),('CSD--7','CSD','UCAT','BRG','','','',7),('LCOL--1','LCOL','IMED','','','','',1),('LCOL--2','LCOL','UNM','','','','',2),('LCOL--3','LCOL','TOL','','','','',3),('LCOL--4','LCOL','NAL','','','','',4),('LCOL--5','LCOL','JNR','','','','',5),('LCOL--6','LCOL','BCM','TOL','','','',6),('LCOL--7','LCOL','IMED','MILN','','','',7),('UCL--1','UCL','JVT','BYM','','','',1),('UCL--2','UCL','LVP','INTM','','','',2),('UCL--3','UCL','BDM','PSG','','','',3),('UCL--4','UCL','MANC','JVT','','','',4),('UCL--5','UCL','RMD','PSG','','','',5),('UCL--6','UCL','BAR','MANU','','','',6),('UCL--7','UCL','MANU','SDN','','','',7),('UEL--1','UEL','ARSN','','','','',1),('UEL--2','UEL','OLMP','','','','',2),('UEL--3','UEL','ROM','','','','',3),('UEL--4','UEL','VIL','','','','',4),('UEL--5','UEL','MANU','','','','',5),('UEL--6','UEL','BDM','LCT','','','',6),('UEL--7','UEL','POR','KRAS','','','',7);
/*!40000 ALTER TABLE `history` ENABLE KEYS */;
UNLOCK TABLES;

--
-- Table structure for table `team`
--

DROP TABLE IF EXISTS `team`;
/*!40101 SET @saved_cs_client     = @@character_set_client */;
/*!40101 SET character_set_client = utf8 */;
CREATE TABLE `team` (
  `id` varchar(255) NOT NULL,
  `confederation` varchar(255) DEFAULT NULL,
  `country` varchar(255) DEFAULT NULL,
  `image` varchar(255) DEFAULT NULL,
  `name` varchar(255) DEFAULT NULL,
  `rating` double NOT NULL DEFAULT '5',
  `type_team` int(11) NOT NULL DEFAULT '1',
  PRIMARY KEY (`id`)
) ENGINE=InnoDB DEFAULT CHARSET=latin1;
/*!40101 SET character_set_client = @saved_cs_client */;

--
-- Dumping data for table `team`
--

LOCK TABLES `team` WRITE;
/*!40000 ALTER TABLE `team` DISABLE KEYS */;
INSERT INTO `team` VALUES ('ADITL','CONMEBOL','CHI','1yaUCX89AIiZeDWNpqivByMDKlV3TxSwK','AUDAX ITALIANO',3,2),('AEK','UEFA','GRE','1EQCysRDxcb_DJ6k3e3YzVkW0GqPZ5QbU','AEK ATENAS',3.5,2),('AJAX','UEFA','PSB','1GqLYWS38PETOsfPbhceWLSTS6BgDKJbo','AJAX',3,2),('ALB','UEFA',NULL,'1UN1nFiIuEa5qEgwxSncCFEPC_tjUT2R1','ALBANIA',5,1),('ALE','UEFA','','10pVVyc8ezukwF4L1nGd93DNefA1Yt_jP','ALEMANIA',9.2,1),('ALG','CAF',NULL,'1QQPGCc85DbUuYxkH6G2anOFEOwPCHNki','ALGERIA',6,1),('ALL','CONMEBOL','PRU','1kQe9vL9zyM47xTg1GPF9pE1P8Ouw0gZO','ALIANZA LIMA',3,2),('ALP','CONMEBOL','COL','1kzNbJ4vvgRZulfM2r4tAosUj64YsQBSK','ALIANZA PETROLERA',3,2),('AMC','CONMEBOL','COL','1JjVvehLiPpmAd9F2AEiy6pK0SUjYj3-P','AMERICA CALI',3,2),('AND','UEFA',NULL,'1C4OcLndpVcDHABLgwLIIG5y2lmvFZU9D','ANDORRA',5,1),('ANDL','UEFA','BELG','1AJn2_QzZ4umdYArUyLvvWqESLmsDkTAQ','ANDERLECHT',3,2),('ANTF','CONMEBOL','CHI','1NsjigWzjWjPcJqOCPHpDDHZgmoe5NxmO','ANTOFAGASTA',3,2),('ARG','CONMEBOL','','1K9PbZ4G74Ht8Ben7HZswl5lDD-PcRp3T','ARGENTINA',9,1),('ARGJN','CONMEBOL','ARG','1TYXyxyGw4cDjEO5G5joyFInwmqdW3PKv','ARGENTINOS JUNIORS',3,2),('ARM','UEFA',NULL,'12ABzr-ahiIGP_RnYzyCE8qUwk_IMMqnF','ARMENIA',5,1),('ARSN','UEFA','ING','12_8q4T3q_YepinDOHsfNf8wRxz8Z_XBd','ARSENAL',5,2),('ASD','AFC',NULL,'1GavMwWk4fXZN0OLNHBpJ3uuunN10rHvg','ARABIA SAUDITA',5,1),('ATAL','UEFA','ITA','1JuOp2xFoKRduNyzHSAZJ-OXnhq40L6cs','ATALANTA',3,2),('ATLB','UEFA','ESP','1H_CegeHybMvBQQDK8K88zQ5HXirhxL4z','ATLETICO BILBAO',3,2),('ATMD','UEFA','ESP','13abZSx5__vt4UiKSnfvec_VbxIcZNgjQ','ATLETICO MADRID',3,2),('ATMN','CONMEBOL','BRA','1O4cMlOYhyCqS1MYh8z3MDectEBPs4_gq','ATLETICO MINEIRO',3,2),('ATPN','CONMEBOL','BRA','1iyIZoya1NJ2gQeF1m_29OfV6RW1KmOxL','ATLETICO PARANAENSE',3,2),('AUST','UEFA',NULL,'1GZdCsG3R9LxqBRcSyEf4phWoZMvQhIjY','AUSTRIA',6.5,1),('AUSTL','AFC',NULL,'1TfacOqLglikd1A6-dBN7hZAPTzq3mQdV','AUSTRALIA',6,1),('AZJ','UEFA',NULL,'1i3-FRMtmzinkpUyGGVoKWIMaUCuva6MK','AZERBAIJAN',5,1),('BAR','UEFA','ESP','1bwM1BAvnvaP8K9uwWogJIeWkiwDLtbDY','BARCELONA FC',3,2),('BCJ','CONMEBOL','ARG','1vE1uFQNha8uHMB6bhGjzLWg0-geM1v4u','BOCA JUNIORS',3,2),('BCM','CONMEBOL','COL','1EuzOFOERRuWbM34BXsmUeL2kk2scqVDD','BUCARAMANGA',3,2),('BDM','UEFA','ALE','1T7QhH846E4YZt-lAegAhV6EJ5wz30YjB','BORUSSIA DORTMUND',3,2),('BDX','UEFA','FRA','1pova19C_iNDWt1s3jfTdSvqY_AoEA7yt','BORDEAUX',3,2),('BELG','UEFA',NULL,'1CRqIJgxOB-y0lR3Y5u30UpjJ07oplDhB','BELGICA',9,1),('BENF','UEFA','PORT','1a8BfT4yOxt1B1s8qGYv5UUdY275K06XR','BENFICA',3,2),('BHZ','UEFA','','1GZUrlsK7MuntDZ7NCDkzV2q4zjgDA0iy','BOSNIA HERZEGOVINA',6,1),('BKF','CAF',NULL,'1o1jQflWpNnT8MlDuJkCjNJXUrNjXlMUR','BURKINA FASO',6,1),('BLR','UEFA',NULL,'112bY52ujMnBl-4mIHHO7GbI59nbo98BA','BIELORUSIA',5,1),('BLV','CONMEBOL','BOL','1jVok5E8f88uiJXwgsLJYIFLw97witZ9q','BOLIVAR',3,2),('BMO','UEFA','ALE','13yfEZ2U5mjuHSPdVJ4cTR0anWQa2JpQu','BORUSSIA MONCHENGLADBACH',3,2),('BOL','CONMEBOL','','1wI6Z5kmZlIwTh-S5p1aaFx24cM453FCa','BOLIVIA',6,1),('BRA','CONMEBOL','','1G85eTN5er-mNC8zBWkBRXMXyp3lgo-00','BRASIL',9.2,1),('BRG','CONMEBOL','BRA','1F2S76TYWzw6zadMCzjsALtMe2WP4n1xT','BRAGANTINO',5,1),('BSL','UEFA','SUIZ','1EXmZ-zSHILuvG0OWN_xWc0wzt_u79NPv','BASEL FC',3,2),('BTF','CONMEBOL','BRA','19Vas4JAvBaYa4nZFAQJBWMkn0kTFKw5Z','BOTAFOGO',3,2),('BULG','UEFA',NULL,'1qSrzJZAE7IiMVzMDgFBK77PwunFvji-T','BULGARIA',6.2,1),('BYL','UEFA','ALE','1w0PZe2qvNIW0BFh0QYobwk03uR7ZfBhn','BAYER LEVERKUSEN',3,2),('BYM','UEFA','ALE','1NXXOHazFRptHeezkYkjxAmZRgSao_OqT','BAYER MUNICH',3,2),('CAL','CONMEBOL','COL','1rFdHO2CFwrjDshhGNNKQBIt0bllVn_Fd','DEPORTIVO CALI',3,2),('CHEL','UEFA','ING','1lKRYnJRzQMuxpeuYUCa3al5woH9_Eicy','CHELSEA FC',3,2),('CHI','CONMEBOL','','1UKemCkvPsvgixx6zbW0YaEqMGJ5cTGKn','CHILE',8.2,1),('CHN','AFC',NULL,'1g10OMXYVJXVy-4fOPwz5umqvqaBs657a','CHINA',5.5,1),('CHP','UEFA',NULL,'1OhTgGmVgYGYVpFhd1JxzyqyYZX7g3ZbH','CHIPRE',4,1),('CLC','CONMEBOL','CHI','1rno5wsN43YBzaFAfdnSlqwJEmEI-wU6G','COLO COLO',3,2),('CLT','UEFA','ESC','1G6oy9RRcDUZO4-sXVXPnzBuaXp4ErzmQ','CELTIC FC',3,2),('CMF','CAF',NULL,'1O91zJ6qz1FbybaiA8Iyx5Slcg16KvdV_','COSTA DE MARFIL',6.5,1),('CMR','CAF',NULL,'15K6NN-WakKk2ZMOLsKCsuyUkqFhUkOrY','CAMERUN',7,1),('CND','CONCACAF',NULL,'1PJamFTP6oudbIVW1xYelYzn67zE--e__','CANADA',6,1),('CNF','CONMEBOL','URU','1VKOjvmQMLW32u4xIpSy56fONIVzB3ixe','CLUB NACIONAL DF',3,2),('CNG','CAF',NULL,'1z7r-8G9pcU4dCjefPg4ok-MEdFPh4HDF','RD CONGO',6,1),('CNT','AFC',NULL,'12hQvN4iBsokeP_P9O0QRBuKIlcFZeWmQ','COREA DEL NORTE',5,1),('COL','CONMEBOL','','1hQ-0ALV3B9pfkZJRq2Wsp-9NtEBhS7RY','COLOMBIA',8.2,1),('CPNG','UEFA','DNM','1EExOVqJqgtp8wL4RmT4vMLX30wPk_gdn','COPENHAGUE',5,2),('CRC','CONCACAF',NULL,'17FzfgokGHMb-LwMsIMDBCsHZiCftdMm-','COSTA RICA',6.5,1),('CRCS','CONMEBOL','VNZ','125_vsIUIix8r4sQspY083N6lwsL3rtpa','CARACAS FC',3,2),('CRCU','CONMEBOL','CHI','17EftjoXgm5p4S7HU5BCOA_-YrZHvOwG-','CURICO UNIDO',3,2),('CRO','UEFA',NULL,'1WDb9dP50ohDocUAl6SOodgMJI3wswNUS','CROACIA',8,1),('CRT','CONMEBOL','BRA','1dWZl5V3b9amWBB_1GCA6YGLI9qDxVf4Z','CORINTHIANS',3,2),('CSK','UEFA','RUS','117BKiL-p8WOaoxsuEhYPyehK-lsEOTU2','CSK MOSCU',3,2),('CSR','AFC',NULL,'1rzsEYhn4IxTKqw0Xl_PkwaNd4VV7EBTa','COREA DEL SUR',5,1),('CZH','UEFA',NULL,'17Fr0_tCOn95kzfeBZ8t-v7PSGCep5MB1','REPUBLICA CHECA',7.5,1),('CZR','CONMEBOL','BRA','1fL5wQd2jj5x9ZTPIUOYgehoIJ_2Zfi-K','CRUZEIRO',3,2),('DFS','CONMEBOL','URU','1zNX-1U467DhZ9oQrmcoVQwIVMwGaSyNj','DEFENSOR SPORTING',3,2),('DLF','CONMEBOL','ECU','1BMsi-w5fXMBQSG2MmxVz-6hsv2_9MumG','DELFIN',3,2),('DLR','CONMEBOL','VNZ','1A3TE6b6qW4ozehYQq01s8u6y8bcqVZDc','DEPORTIVO LARA',3,2),('DNB','CONMEBOL','URU','1ZaYfaU_qEjTy58ZXgiKWtNtqCXUn40tq','DANUBIO',3,2),('DNM','UEFA',NULL,'1wHu5M8hCW-s93Kdics3s-tj5IZcV7yEU','DINAMARCA',8.6,1),('DPS','CONMEBOL','COL','1HVYs8a5NUU1U4YihLoyo1AtHfHwP-Zmw','DEPORTIVO PASTO',5,2),('DYJ','CONMEBOL','ARG','1XVhLhB89lsVjXQezC29ofJ75HWzu_SPd','DEFENSA Y JUSTICIA',3,2),('DZG','UEFA','CRO','1ZHvKw4FMRa1gfsS6AWpjVzmVTmm1u1RE','DINAMO ZAGRED',3,2),('ECU','CONMEBOL',NULL,'1BJ8gmCfMVUNdVRp6L0rqrr3ZN1FWprUE','ECUADOR',7.5,1),('EGP','CAF',NULL,'117QQdkeV14i65H_mvSlbTCO4WXmVvXfx','EGIPTO',6.5,1),('EML','CONMEBOL','ECU','19ri5Qt0DNwK8v7ryfZSsFOfDf2ejnQvU','EMELEC',3,2),('ENG','CONMEBOL','COL','19X6Uxx1i_VdyYyzA-OVImaVz6EUVLt3u','ENVIGADO',3,2),('EQD','CONMEBOL','COL','1JqaRsbyfjdv6_kYo41eoM49m6qw-8ydW','EQUIDAD',3,2),('ESC','UEFA',NULL,'12dHzEbmvrMdFcfwWKG0CKRnhgp-_BvUc','ESCOCIA',7,1),('ESP','UEFA',NULL,'10DAkB99H2oFs8KRjNqsAKXfvAp6Ae0Vi','ESPAÑA',9.2,1),('EST','CONMEBOL','ARG','16VDzXeGnGhIQrNbV4qStCnZC_6-6EUbe','ESTUDIANTES',3,2),('EUA','AFC','ARG','13Y0dbB3Zn3MOGZBCObrthqZ86UyNxeN9','EMIRATOS ARABES UNIDOS',5.5,1),('FLMG','CONMEBOL','BRA','1tNafUlSdfQJnxM8J3mAXf4XOovHf_W3h','FLAMENGO',3,2),('FLMN','CONMEBOL','BRA','1rplnQWxSOS60K1_gJpfxAP_TNVEQ99rB','FLUMINENSE',3,2),('FNL','UEFA',NULL,'13UootaFH1pSfgF3DTDU18Cd-kP9lEbBR','FILANDIA',6.2,1),('FRA','UEFA',NULL,'11i5MHB8tTnXDU6763yhOLgbcT5ELVLiZ','FRANCIA',9.5,1),('FRI','UEFA',NULL,'19vDnXbqc_qat5JE8DVUVqrPeC3aV5-8g','ISLAS FAROE',5,1),('GHN','CAF',NULL,'1LnTueL6YfNkaeLp9PrInfitf2koPXOEU','GHANA',7,1),('GLB','UEFA',NULL,'1ygkpWc6CMqYe3u1GCPIxiVsh0nxqfD1D','GILBRALTAR',3,1),('GLS','UEFA',NULL,'1BZJ0vKhNBWdKf6ZQCnoVjm3OJYQlZtL7','GALES',6.8,1),('GLT','UEFA','TRQ','1EMnbL3kOgPU9mmcLUezjyTuD5EbCXANZ','GALATASARAY',3,2),('GNA','CAF',NULL,'1XrZNDQlxf4AajnwMuaaIPjEAUrKaOwVw','GUINEA',5,1),('GRE','UEFA',NULL,'1hP6aSMYim1ZI7vOWqxK574VSvcb4q5Wp','GRECIA',7,1),('GRG','UEFA',NULL,'1yHUbD1pLXNE-rCmN31LRIMaDqxwl5fND','GEORGIA',3,1),('GRM','CONMEBOL','BRA','1lYGsbTF74E6JzUEqkPkxO-BdbaugH7og','GREMIO',3,2),('HND','CONCACAF',NULL,'1dTx2raRF6aoh6VS3EV7NKvI97onQNNji','HONDURAS',5.5,1),('HNG','UEFA',NULL,'1oDU9r4AUz1zRmviFYYGtpRnIG60Vm2AM','HUNGRIA',6.5,1),('HUI','CONMEBOL','COL','1P5y9EB3sQAlqZOOKC6Uexo0FgRJ81rGL','ATLETICO HUILA',3,2),('IMED','CONMEBOL','COL','1bjXPDUvdIyKJYSJRCYzhi2Uz5wDCJyiw','INDEPENDIENTE MEDELLIN',5,2),('INDA','CONMEBOL','ARG','1uAufpKuFu0czaq3-9UT5mPoR_Z7aIXEh','INDEPENDIENTE',3,2),('INDV','CONMEBOL','ECU','1lGhFii-omzS0flAFlBbvEwj14AI2OdJ7','INDEPENDIENTE VALLE',5,2),('ING','UEFA',NULL,'1J49ZJGy43PKcsnfXfcZ3Allx75iGCHg3','INGLATERRA',9,1),('INTB','CONMEBOL','BRA','17tvlPaZTl5O1LGKd8roGMdnx0jVG4e2A','INTERNACIONAL',3,2),('INTM','UEFA','ITL','1_8dmd7LMyY9Lg8MoltPVUNSzhftF_9Sb','INTER FC',6,2),('IRL','UEFA',NULL,'1VNu6vFGhJsieCzUMm_-DwTQWEB-vYWGt','IRLANDA',7,1),('IRLN','UEFA',NULL,'1le43vfp_ZMY53-ya34sl-NU9B8KJh3D1','IRLANDA DEL NORTE',6,1),('IRN','AFC',NULL,'1TY09JbzLpacJwnz13s1gmC_SaD-pTPRA','IRAN',6,1),('IRQ','AFC',NULL,'1qMoRCoDD43EPrQFU1lfj9ZpCLeP1G-0K','IRAQ',6,1),('ISL','UEFA',NULL,'1SGzmKLXjXa6owmyducwEvF5GbZd_6Xw6','ISLANDIA',5,1),('ISR','UEFA',NULL,'1E51vfps0G71GhL2ZXa_gwyxhR0N7PzN9','ISRAEL',5.8,1),('ISTF','CONMEBOL','COL','1Mi8tiCleq5ylnPQJlZWP7wIjdCGtkui6','INDEPENDIENTE SANTAFE',5,2),('ITL','UEFA',NULL,'1BEPLbJlXjkwjfYDqVQZ5u6_rsqQM6LIh','ITALIA',5,1),('JGR','CONMEBOL','COL','1ZZpL0yuU6TandTY-b5bC-c6LCyuIxEQ8','JAGUARES',5,2),('JMC','CONCACAF',NULL,'1CZFEHN6YEFh7hsoLu5Rq-mOLNwjcgoZZ','JAMAICA',5,1),('JNR','CONMEBOL','COL','1emrNu8v4tcNTvw7wosASmTYFux6-HSck','ATLETICO JUNIOR',5,2),('JPN','AFC',NULL,'1zhTz0iXRobMjVU5ksDA2-p5rC_h-qp0j','JAPON',5,1),('JRD','AFC',NULL,'1LPYjNX9RQF6iuxUNUhx-_6YwvSrgeJ4k','JORDANIA',5,1),('JVT','UEFA','ITL','1nDGV-vmIwUzoRtD8nmN2UcOJXgi480wl','JUVENTUS',5,2),('KRAS','UEFA','RUS','1yeCT8Gc6d6LWpqjS63-Mpb_1IYaepD9z','KRASNODAR',5,2),('KSV','UEFA',NULL,'14XlJuaYwetfnXYEDox8biKVLWd2MOVJq','KOSOVO',5,1),('KWT','AFC',NULL,'19qjQNkP9Cc5AdT3lVZZgZW_Rk7Cqi2HN','KUWAIT',5,1),('KZJ','UEFA',NULL,'1xAnYSOePjlVHdXLqb8NRiqfUOf1UNpA7','KAZAJISTAN',5,1),('LBN','AFC',NULL,'16lK5HYEopoWtsk9svQs9exDQzOPjYB-t','LIBANO',5,1),('LBT','CONMEBOL','PRG','1ZUJR_qwjCNq5MOFXxZn2MoJxWvAPnlyr','LIBERTAD',5,2),('LCT','UEFA','ING','18jmW0b5_Ukd8zrcFddUXcsTm1IjHc7TN','LEICESTER',5,2),('LDQ','CONMEBOL','ECU','1MCKlxevBBZwbCZs8cVjmVbIG-ZAcBEJn','LIGA DE QUITO',5,2),('LEI','UEFA',NULL,'1P4VbAMzpM6DgwVBBpms7NZxf8puCEo9M','LEICHTENSTEIN',5,1),('LETN','UEFA',NULL,'1YkucIXcJrt4MJ8eNDm4zPCKH_mqGRIUm','LETONIA',5,1),('LKM','UEFA','RUS','1UuQbw3l8vQjH6Z5LWtMUDYOsVhmb7-oc','LOKOMOTIV',5,2),('LNS','CONMEBOL','ARG','1ewbqG0CVoROKoX3exBpmgq97i8yySG_u','LANUS',5,2),('LTN','UEFA',NULL,'1R2dJfQgOb-ZHPzDfjV7GqPykjz6qrAwR','LITUANIA',5,1),('LVP','UEFA','ING','1yINO4qGNEUpa_tLqU5LFzB5Gw8C3mFkI','LIVERPOOL',5,2),('LXB','UEFA',NULL,'1acg30JFgl5oIpxBG2xuV0oIfXfiBWQdN','LUXEMBURGO',5,1),('MANC','UEFA','ING','1G69QhxN9N5OYkG91GH1stWwMvK67mC8P','MANCHESTER CITY',5,2),('MANU','UEFA','ING','1m8bbdmwPrdWu_F9P4d8f0soEVMQicTUy','MANCHESTER UNITED',5,2),('MCN','UEFA',NULL,'1sUxNlrY-V0dsir0WTmLxudNKWJIIaqt1','MACEDONIA DEL NORTE',5,1),('MDV','UEFA',NULL,'1Ut3w7WXFUPpRcaPEJo820ZGSiJVIXTQv','MOLDAVIA',5,1),('MILN','CONMEBOL','COL','1hHkt5q04Z4yPA8Bl9MmTxseposjV56XR','MILLONARIOS',5,2),('MLG','CONMEBOL','PRU','13iPiUyDy7ZvEDmUcE4GGUTRhOt4hodc0','MELGAR',5,2),('MLI','CAF',NULL,'1e5mo1uSYhqTVi4yhBaQS5HE15jJXB2k1','MALI',5,1),('MLT','UEFA',NULL,'1EMfRyffq6pWtGB8noOKO6EOIfMpDY4Ib','MALTA',5,1),('MNC','UEFA','FRA','1w1aZ5asYS4knN_DExu1FYK579QB9yNVj','MONACO',5,2),('MRC','CAF',NULL,'1SP9Cist11hP20y1WVALcfZ0NYHmqUFDM','MARRUECOS',5,1),('MTN','UEFA',NULL,'13Svr-hr17eQ-h1RuyXRciL6o7veYnatz','MONTENEGRO',5,1),('MXC','CONCACAF',NULL,'17A02qYyJJGNnIRSBszqjrAxBCNEfnofN','MEXICO',5,1),('NAC','CONMEBOL','PRG','130Ovo6BkAoCrVJD7A8cOJeBh3rT6-JGa','NACIONAL',5,2),('NAL','CONMEBOL','COL','1gmdjqglRXcicHgGohHE-jnbCjoH3vO3S','ATLETICO NACIONAL',5,2),('NGR','CAF',NULL,'1muCKRI-kMaRWYUqEDEuOMax9um98IZ8d','NIGERIA',5,1),('NOB','CONMEBOL','ARG','1tl74hPMcnyC-hGLRluxQldEuD1o1-cz6','NEWELLS OLD BOYS',5,2),('NPL','UEFA','ITL','1IxdkH1xCiNUm8_Pt7kvuyI06EguoWkgx','NAPOLI',5,2),('NRG','UEFA',NULL,'1fy69l8wdNmGi2zKDa_AzW13EL1LSib77','NORUEGA',5,1),('NZL','OFC',NULL,'1zD5XnPOt4C7B2pzvr2-yaAJtXl2DVVyc','NUEVA ZELANDA',5,1),('OLL','UEFA','FRA','1xFToRRgNNv1-Mv8vVUMXl8BvBLPT4Y_b','OLYMPIQUE LYON',5,2),('OLM','UEFA','FRA','1C5AvYnD_rA1bYLjHM3ndDNmzz-OKUf_G','OLYMPIQUE MARSELLA',5,2),('OLMP','UEFA','GRE','16UsSnyz5UcXopVkAxUhKccM4cJ_jK95v','OLYMPIACOS',5,2),('OLP','CONMEBOL','PRG','1EgyIhX8Yc-i8-r7wfq1Day1PSYLuYCqw','OLIMPIA FC',5,2),('OMN','AFC',NULL,'1zJAnuLxYyH_nEaHlobD5dixloS0wxbMf','OMAN',5,1),('ONC','CONMEBOL','COL','1NNPFEkotrNxwCq-MlEScbGSFAyvcdSbZ','ONCE CALDAS',3,2),('PAK','UEFA','GRE','1OzBc56aSFhBd-wrgT1DJYqvFY1QcUUiP','PAOK',5,2),('PKT','AFC',NULL,'1rUjFeB2SKxOM1I6_m1AGhYKdsIzLdxkT','PAKISTAN',5,1),('PLM','CONMEBOL','BRA','1DCxntPDfFSLquh4jH0REXVudRlzXnEg_','PALMEIRAS',5,2),('PLN','UEFA',NULL,'1z1uCol_0tcL2OeBNA2ojpZcUAjblI2l7','POLONIA',5,1),('PNM','CONCACAF',NULL,'1Yw-UG4e_l_G2hAl8zPpjrJThThArUioQ','PANAMA',5,1),('PNRL','CONMEBOL','URU','10bMg1AUUuKyiruUMhfCuF4uxEh2TIiLJ','PEÑAROL',5,2),('POR','UEFA','PORT','1BeKy5xO4VQpQ5F7y96mJV2Czp8OdYEjj','FC OPORTO',5,2),('PORT','UEFA',NULL,'1KBltDRb85jpE7jNYH3AeK2D5U1uvqOXN','PORTUGAL',5,1),('PRG','CONMEBOL',NULL,'1ekjPr8D5WrhWlhsdj7Ph1Tz8uDMD4s5U','PARAGUAY',5,1),('PRU','CONMEBOL',NULL,'15-KRFa5sjxokJpWUc6d9O9hM3DN6uo1l','PERU',5,1),('PSB','UEFA',NULL,'1_3U823mqbVBGemRd3evR4_19HCYfUZRO','PAISES BAJOS',5,1),('PSG','UEFA','FRA','1-DMPQnLJVNDF4VKMCwKiXvi4KW3Hixkb','PARIS SAINT GERMAIN',5,2),('PSV','UEFA','PSB','1Cxbz2b0m2ykplpe79oiCtA_lmX3-u1R1','PSV EINDHOVEN',5,2),('PTT','CONMEBOL','COL','1To1_9SwdgWwobRjomO3omzhrS_fLvseR','PATRIOTAS FC',5,2),('QTR','AFC',NULL,'1RoVCfdNSYN4rhsMqCv-KFrGk90hIS-g_','QATAR',5,1),('RCN','CONMEBOL','ARG','1k6tkjMcVxgmUsioLo4vZBbFm1LFajsdS','RACING FC',5,2),('RMD','UEFA','ESP','1hN96f2Xpx3d3TAN_uiygfRzzD_T9dpCR','REAL MADRID',5,2),('RMN','UEFA',NULL,'1RnyPu4t3bYLr3afB2icGVCpiXjIhS5xT','RUMANIA',5,1),('RNG','CONMEBOL','COL','1fefkPjC263YHI2woW5Qpxf8jH0euv1YF','RIONEGRO',5,2),('ROM','UEFA','ITL','1Q29e84QFUJjiNjMuce3zZQdCDXU5EH9i','AC ROMA',5,2),('RUS','UEFA',NULL,'1pMo_BTmDuc6hv0TTPhrhOr1kJhFf8x-C','RUSIA',5,1),('RVP','CONMEBOL','ARG','1DI1rbhXaEvvn9KtODwiGdMeBNawexjbA','RIVER PLATE',5,2),('SCR','CONMEBOL','PRU','1v4hc0UNL7SbqV3gWvn_K-njbQIOshdDV','SPORTING CRISTAL',5,2),('SDF','CAF',NULL,'1UKpUy3PkD4wz6Dq3cLUh7hHbNizn7_JV','SUDAFRICA',5,1),('SDN','UEFA','UCR','1hUjBw91Y6UDoVMz3mAyjG5kTMKH6F6Al','SHAKHTAR DONETSK',5,2),('SJO','CONMEBOL','BOL','1APpSFNUsXJi_6_Vqcu6sSGKGozxTN3TR','SAN JOSE',5,2),('SLR','CONMEBOL','ARG','1ryePpa0JqlF4W38Wd1K284Aqbl-efs93','SAN LORENZO',5,2),('SLV','UEFA',NULL,'1Yhy9O9sKqR5CjMLxVMDw3oMtApYVj7Wc','ESLOVENIA',6.5,1),('SMN','UEFA',NULL,'1StZk6maqa-ojvOSF3K42GS70wI4acSBO','SAN MARINO',5,1),('SNG','CAF',NULL,'1HZ1zY4eDgBvy0NElCLKKq6pSDYAAK8QF','SENEGAL',5,1),('SNT','CONMEBOL','BRA','159tENxKPsNnZWX4PVtdcgedqKB9co1Na','SANTOS',5,2),('SPB','CONMEBOL','PRU','1KlfgWK0dtgAF5uzK10qMZOy_Q7X5Mth2','SPORT BOYS',5,2),('SPL','CONMEBOL','BRA','16qUewdnwh2dVkTtHBjHWAEcC9BiKOcoM','SAO PAULO',5,2),('SRB','UEFA',NULL,'1JBprO1XAJPunLrUd70-0Qxa1xvh5W1jP','SERBIA',5,1),('STG','CONMEBOL','BOL','1cGotqbvWxvjhkuLzlF_9_bKl5vJJ2gD6','THE STROGEST',5,2),('STN','UEFA',NULL,'1Yhy9O9sKqR5CjMLxVMDw3oMtApYVj7Wc','ESTONIA',5,1),('SUE','UEFA',NULL,'1p-_IkkmiXmY3m2GlmHNgVPGxQCUxdbhl','SUECIA',5,1),('SUIZ','UEFA',NULL,'1hBe1T57GiAEovfHHRadlhbEO3wnnCyVT','SUIZA',8.5,1),('SVL','UEFA','ESP','1r_BQ4yPnU6eWb9JIoFxpSDA_sOf9kU5u','SEVILLA',5,2),('SVQ','UEFA',NULL,'19mQZcAciCWGzimXHJ2YBP3DQJhA0x6DY','ESLOVAQUIA',5,1),('TIG','CONCACAF','MXC','12aPpcJgSWerOHEbjAz9v9qeb1KBVq8UQ','TIGRES FC',5,2),('TLD','AFC',NULL,'1pFc0be-FPJ7MHmTMmBTuq4kj4OlAAa1I','TAILANDIA',5,1),('TLR','CONMEBOL','ARG','1RbRTG6vtGucy7xIQMMfc47gLw-6WLpmM','TALLERES',5,2),('TNZ','CAF',NULL,'1FSQHJlbfYPlcJut9gK9YQEDTzwolLhnt','TUNEZ',5,1),('TOL','CONMEBOL','COL','13HWwtDoKJMG3OWmg4RzpTMW5aRGHYcPp','DEPORTES TOLIMA',5,2),('TRQ','UEFA',NULL,'1S1D0XKXgc3Ej16FRhkqpBKBV9O-6eO7m','TURQUIA',5,1),('TTN','UEFA','ING','1gZflsAg01sYzUkFG5z3yejEvPjABEsQW','TOTTENHAM',5,2),('UCAT','CONMEBOL','CHI','16Mpw9GVsfW6Tkw1-kzanwfhcNsfcZ4_i','UNIVERSIDAD CATOLICA',5,2),('UCHI','CONMEBOL','CHI','16Mpw9GVsfW6Tkw1-kzanwfhcNsfcZ4_i','UNIVERSIDAD CHILE',5,2),('UCON','CONMEBOL','CHI','1MfKE6NcYAPkPtLCee0Qzot9Ft51tdA7h','U. CONCEPCIÓN',5,2),('UCR','UEFA',NULL,'1khsQTg9FoJkP0Dd7jTIeuETOasjid-N6','UCRANIA',5,1),('UNM','CONMEBOL','COL','1xwiltg5ZCBsA0KTHFBmcVtb2pNjk137d','UNION MAGDALENA',5,2),('UNS','CONMEBOL','CHI','1FCjmyfpHj5IkOzLb48WkCN20Kq1ZZ66z','UNION ESPAÑOLA',5,2),('UNV','CONMEBOL','PRU','1v6sHRbWb6vxAA-gYTDvJlWRX6YmQMeb1','UNIVERSITARIO',5,2),('URU','CONMEBOL',NULL,'1Um4g5l3_Cv-a_ibSI6WX9Fm0W3ZckBcd','URUGUAY',5,1),('USA','CONCACAF',NULL,'1WF3v3qkqUssg4WgngBxAplPoHNhuoi9T','ESTADOS UNIDOS',5,1),('UZB','AFC',NULL,'1SiOAmuwecVnOCQv-PQBfUEo36-qzVK-4','UZBEKISTAN',5,1),('VIL','UEFA','ESP','1XYyMimEZXVfABDHTFVKnCbmmXp88cJg9','VILLAREAL',5,2),('VNZ','CONMEBOL',NULL,'15YQiFDADLx3DE9sRI1NgQMvYfoCY98d-','VENEZUELA',5,1),('WLS','CONMEBOL','BOL','118aaaPEloDPPuFtCJT89yhJQbdpgyZYh','WILSTERMANN',5,2),('ZMB','CAF',NULL,'1YQIWFH8m8cu8AUaJ_Q4_YCyrZQ43yQIS','ZAMBIA',5,1);
/*!40000 ALTER TABLE `team` ENABLE KEYS */;
UNLOCK TABLES;

--
-- Dumping routines for database 'champions'
--
/*!40103 SET TIME_ZONE=@OLD_TIME_ZONE */;

/*!40101 SET SQL_MODE=@OLD_SQL_MODE */;
/*!40014 SET FOREIGN_KEY_CHECKS=@OLD_FOREIGN_KEY_CHECKS */;
/*!40014 SET UNIQUE_CHECKS=@OLD_UNIQUE_CHECKS */;
/*!40101 SET CHARACTER_SET_CLIENT=@OLD_CHARACTER_SET_CLIENT */;
/*!40101 SET CHARACTER_SET_RESULTS=@OLD_CHARACTER_SET_RESULTS */;
/*!40101 SET COLLATION_CONNECTION=@OLD_COLLATION_CONNECTION */;
/*!40111 SET SQL_NOTES=@OLD_SQL_NOTES */;

-- Dump completed on 2021-11-22 14:42:23
