-- MySQL dump 10.13  Distrib 5.5.62, for Win64 (AMD64)
--
-- Host: localhost    Database: champions
-- ------------------------------------------------------
-- Server version	5.7.34

/*!40101 SET @OLD_CHARACTER_SET_CLIENT=@@CHARACTER_SET_CLIENT */;
/*!40101 SET @OLD_CHARACTER_SET_RESULTS=@@CHARACTER_SET_RESULTS */;
/*!40101 SET @OLD_COLLATION_CONNECTION=@@COLLATION_CONNECTION */;
/*!40101 SET NAMES utf8 */;
/*!40103 SET @OLD_TIME_ZONE=@@TIME_ZONE */;
/*!40103 SET TIME_ZONE='+00:00' */;
/*!40014 SET @OLD_UNIQUE_CHECKS=@@UNIQUE_CHECKS, UNIQUE_CHECKS=0 */;
/*!40014 SET @OLD_FOREIGN_KEY_CHECKS=@@FOREIGN_KEY_CHECKS, FOREIGN_KEY_CHECKS=0 */;
/*!40101 SET @OLD_SQL_MODE=@@SQL_MODE, SQL_MODE='NO_AUTO_VALUE_ON_ZERO' */;
/*!40111 SET @OLD_SQL_NOTES=@@SQL_NOTES, SQL_NOTES=0 */;

--
-- Table structure for table `competition`
--

DROP TABLE IF EXISTS `competition`;
/*!40101 SET @saved_cs_client     = @@character_set_client */;
/*!40101 SET character_set_client = utf8 */;
CREATE TABLE `competition` (
  `id` varchar(255) NOT NULL,
  `confederation` varchar(255) DEFAULT NULL,
  `image` varchar(255) DEFAULT NULL,
  `name` varchar(255) DEFAULT NULL,
  `rating` double DEFAULT NULL,
  `type_team` int(11) DEFAULT NULL,
  `colour` varchar(255) DEFAULT NULL,
  PRIMARY KEY (`id`)
) ENGINE=InnoDB DEFAULT CHARSET=latin1;
/*!40101 SET character_set_client = @saved_cs_client */;

--
-- Dumping data for table `competition`
--

LOCK TABLES `competition` WRITE;
/*!40000 ALTER TABLE `competition` DISABLE KEYS */;
INSERT INTO `competition` VALUES ('CLA','CONMEBOL','1BXvkTi3DtX8-UEc_Lye-EVT2X64e4AGE','COPA LIBERTADORES',9,2,'#000000'),('CMC','MUNDIAL','1BDOR4usRLh_Y2hE3zLRbVB0k6ki8epqh','COPA MUNDIAL CLUBES',9,2,'#000000'),('CMD','MUNDIAL','1K_AHzjHP0PTaLJ8WwLP_zm-3CokRN2rk','COPA MUNDIAL',10,1,'#000000'),('CPA','CONMEBOL','1p5gBQsB-9w9d2UO_80TGcjbdrbKD986M','COPA AMERICA',9,1,'#000000'),('CPAS','UEFA','1yI07dXtg41yzpG5zNvsY0jXGfOhZggSr','EUROCOPA',9.5,1,'#000000'),('CSD','CONMEBOL','1OmmFnL3rFRunbyhFXn7HSlFuMFv_ftIm','COPA SUDAMERICANA',8,2,'#000000'),('LCOL','CONMEBOL','1t4gYuvC1OtonXSx3jVyeuURo1yhaDjX_','LIGA COLOMBIANA',6,2,'#000000'),('UCL','UEFA','1_CDHh9Ved2sdF0dr0WYK6Whme-VFHkGO','UEFA CHAMPIONS LEAGUE',9.5,2,'#000000'),('UEL','UEFA','1mHYnmXrhxWvnvt7Q-D3Ao-Oc-rNRQCc5','UEFA EUROPA LEAGUE',8.5,2,'#000000');
/*!40000 ALTER TABLE `competition` ENABLE KEYS */;
UNLOCK TABLES;

--
-- Table structure for table `history`
--

DROP TABLE IF EXISTS `history`;
/*!40101 SET @saved_cs_client     = @@character_set_client */;
/*!40101 SET character_set_client = utf8 */;
CREATE TABLE `history` (
  `id` varchar(255) NOT NULL,
  `id_competition` varchar(255) DEFAULT NULL,
  `id_team1` varchar(255) DEFAULT NULL,
  `id_team2` varchar(255) DEFAULT NULL,
  `id_team3` varchar(255) DEFAULT NULL,
  `id_team4` varchar(255) DEFAULT NULL,
  `id_tournament` varchar(255) DEFAULT NULL,
  `version` int(11) DEFAULT NULL,
  PRIMARY KEY (`id`)
) ENGINE=InnoDB DEFAULT CHARSET=latin1;
/*!40101 SET character_set_client = @saved_cs_client */;

--
-- Dumping data for table `history`
--

LOCK TABLES `history` WRITE;
/*!40000 ALTER TABLE `history` DISABLE KEYS */;
INSERT INTO `history` VALUES ('CPA--1','CPA','BRASIL','BOLIVIA','ARGENTINA','CHILE','',1),('CPA--2','CPA','BOL','BRA','CHI','ARG','',2),('CPA--3','CPA','ARG','BRA','CHI','BOL','',3),('CPA--4','CPA','CHI','BRA','BOL','ARG','',4),('CPA--5','CPA','BRA','ARG','BOL','CHI','',5),('CPA--6','CPA','BRA','ARG','CHI','BOL','',6),('CPA--7','CPA','BRA','CHI','ARG','BOL','',7),('CPAS--1','CPAS','EUA','SA','','','',1),('LCOL--1','LCOL','MED','STF','','','',1),('UCL--1','UCL','BMO','BYL','','','',1);
/*!40000 ALTER TABLE `history` ENABLE KEYS */;
UNLOCK TABLES;

--
-- Table structure for table `team`
--

DROP TABLE IF EXISTS `team`;
/*!40101 SET @saved_cs_client     = @@character_set_client */;
/*!40101 SET character_set_client = utf8 */;
CREATE TABLE `team` (
  `id` varchar(255) NOT NULL,
  `confederation` varchar(255) DEFAULT NULL,
  `country` varchar(255) DEFAULT NULL,
  `image` varchar(255) DEFAULT NULL,
  `name` varchar(255) DEFAULT NULL,
  `rating` double DEFAULT NULL,
  `type_team` int(11) DEFAULT NULL,
  PRIMARY KEY (`id`)
) ENGINE=InnoDB DEFAULT CHARSET=latin1;
/*!40101 SET character_set_client = @saved_cs_client */;

--
-- Dumping data for table `team`
--

LOCK TABLES `team` WRITE;
/*!40000 ALTER TABLE `team` DISABLE KEYS */;
INSERT INTO `team` VALUES ('ADITL','CONMEBOL','CHI','1yaUCX89AIiZeDWNpqivByMDKlV3TxSwK','AUDAX ITALIANO',3,2),('AEK','UEFA','GRE','1EQCysRDxcb_DJ6k3e3YzVkW0GqPZ5QbU','AEK ATENAS',3.5,2),('AJAX','UEFA','PSB','1GqLYWS38PETOsfPbhceWLSTS6BgDKJbo','AJAX',3,2),('ALE','UEFA','','10pVVyc8ezukwF4L1nGd93DNefA1Yt_jP','ALEMANIA',9.2,1),('ALG','CAF',NULL,'1QQPGCc85DbUuYxkH6G2anOFEOwPCHNki','ALGERIA',6,1),('ALL','CONMEBOL','PER','1kQe9vL9zyM47xTg1GPF9pE1P8Ouw0gZO','ALIANZA LIMA',3,2),('ALP','CONMEBOL','COL','1kzNbJ4vvgRZulfM2r4tAosUj64YsQBSK','ALIANZA PETROLERA',3,2),('AMC','CONMEBOL','COL','1JjVvehLiPpmAd9F2AEiy6pK0SUjYj3-P','AMERICA CALI',3,2),('ANDL','UEFA','BELG','1AJn2_QzZ4umdYArUyLvvWqESLmsDkTAQ','ANDERLECHT',3,2),('ANTF','CONMEBOL','CHI','1NsjigWzjWjPcJqOCPHpDDHZgmoe5NxmO','ANTOFAGASTA',3,2),('ARG','CONMEBOL','','1K9PbZ4G74Ht8Ben7HZswl5lDD-PcRp3T','ARGENTINA',9,1),('ARGJN','CONMEBOL','ARG','1TYXyxyGw4cDjEO5G5joyFInwmqdW3PKv','ARGENTINOS JUNIORS',3,2),('ATAL','UEFA','ITA','1JuOp2xFoKRduNyzHSAZJ-OXnhq40L6cs','ATALANTA',3,2),('ATLB','UEFA','ESP','1H_CegeHybMvBQQDK8K88zQ5HXirhxL4z','ATLETICO BILBAO',3,2),('ATMD','UEFA','ESP','13abZSx5__vt4UiKSnfvec_VbxIcZNgjQ','ATLETICO MADRID',3,2),('ATMN','CONMEBOL','BRA','1O4cMlOYhyCqS1MYh8z3MDectEBPs4_gq','ATLETICO MINEIRO',3,2),('ATPN','CONMEBOL','BRA','1iyIZoya1NJ2gQeF1m_29OfV6RW1KmOxL','ATLETICO PARANAENSE',3,2),('AUST','UEFA',NULL,'1GZdCsG3R9LxqBRcSyEf4phWoZMvQhIjY','AUSTRIA',6.5,1),('AUSTL','AFC',NULL,'1TfacOqLglikd1A6-dBN7hZAPTzq3mQdV','AUSTRALIA',6,1),('BAR','UEFA','ESP','1bwM1BAvnvaP8K9uwWogJIeWkiwDLtbDY','BARCELONA FC',3,2),('BCJ','CONMEBOL','ARG','1vE1uFQNha8uHMB6bhGjzLWg0-geM1v4u','BOCA JUNIORS',3,2),('BCM','CONMEBOL','COL','1EuzOFOERRuWbM34BXsmUeL2kk2scqVDD','BUCARAMANGA',3,2),('BDM','UEFA','ALE','1T7QhH846E4YZt-lAegAhV6EJ5wz30YjB','BORUSSIA DORTMUND',3,2),('BDX','UEFA','FRA','1pova19C_iNDWt1s3jfTdSvqY_AoEA7yt','BORDEAUX',3,2),('BELG','UEFA',NULL,'1CRqIJgxOB-y0lR3Y5u30UpjJ07oplDhB','BELGICA',9,1),('BENF','UEFA','PORT','1a8BfT4yOxt1B1s8qGYv5UUdY275K06XR','BENFICA',3,2),('BHZ','UEFA','','1GZUrlsK7MuntDZ7NCDkzV2q4zjgDA0iy','BOSNIA HERZEGOVINA',6,1),('BKF','CAF',NULL,'1o1jQflWpNnT8MlDuJkCjNJXUrNjXlMUR','BURKINA FASO',6,1),('BLV','CONMEBOL','BOL','1jVok5E8f88uiJXwgsLJYIFLw97witZ9q','BOLIVAR',3,2),('BMO','UEFA','ALE','13yfEZ2U5mjuHSPdVJ4cTR0anWQa2JpQu','BORUSSIA MONCHENGLADBACH',3,2),('BOL','CONMEBOL','ARG','1wI6Z5kmZlIwTh-S5p1aaFx24cM453FCa','BOLIVIA',6,1),('BRA','CONMEBOL','ARG','1G85eTN5er-mNC8zBWkBRXMXyp3lgo-00','BRASIL',9.2,1),('BSL','UEFA','SUIZ','1EXmZ-zSHILuvG0OWN_xWc0wzt_u79NPv','BASEL FC',3,2),('BTF','CONMEBOL','BRA','19Vas4JAvBaYa4nZFAQJBWMkn0kTFKw5Z','BOTAFOGO',3,2),('BULG','UEFA',NULL,'1qSrzJZAE7IiMVzMDgFBK77PwunFvji-T','BULGARIA',6.2,1),('BYL','UEFA','ALE','1w0PZe2qvNIW0BFh0QYobwk03uR7ZfBhn','BAYER LEVERKUSEN',3,2),('BYM','UEFA','ALE','1NXXOHazFRptHeezkYkjxAmZRgSao_OqT','BAYER MUNICH',3,2),('CAL','CONMEBOL','COL','1rFdHO2CFwrjDshhGNNKQBIt0bllVn_Fd','DEPORTIVO CALI',3,2),('CHEL','UEFA','ING','1lKRYnJRzQMuxpeuYUCa3al5woH9_Eicy','CHELSEA FC',3,2),('CHI','CONMEBOL','ARG','1UKemCkvPsvgixx6zbW0YaEqMGJ5cTGKn','CHILE',8.2,1),('CHN','AFC',NULL,'1g10OMXYVJXVy-4fOPwz5umqvqaBs657a','CHINA',5.5,1),('CHP','UEFA',NULL,'1OhTgGmVgYGYVpFhd1JxzyqyYZX7g3ZbH','CHIPRE',4,1),('CLC','CONMEBOL','CHI','1rno5wsN43YBzaFAfdnSlqwJEmEI-wU6G','COLO COLO',3,2),('CLT','UEFA','ESC','1G6oy9RRcDUZO4-sXVXPnzBuaXp4ErzmQ','CELTIC FC',3,2),('CMF','CAF',NULL,'1O91zJ6qz1FbybaiA8Iyx5Slcg16KvdV_','COSTA DE MARFIL',6.5,1),('CMR','CAF',NULL,'15K6NN-WakKk2ZMOLsKCsuyUkqFhUkOrY','CAMERUN',7,1),('CND','CONCACAF',NULL,'1PJamFTP6oudbIVW1xYelYzn67zE--e__','CANADA',6,1),('CNF','CONMEBOL','URU','1VKOjvmQMLW32u4xIpSy56fONIVzB3ixe','CLUB NACIONAL DF',3,2),('CNG','CAF',NULL,'1z7r-8G9pcU4dCjefPg4ok-MEdFPh4HDF','RD CONGO',6,1),('COL','CONMEBOL','ARG','1hQ-0ALV3B9pfkZJRq2Wsp-9NtEBhS7RY','COLOMBIA',8.2,1),('CRC','CONCACAF',NULL,'17FzfgokGHMb-LwMsIMDBCsHZiCftdMm-','COSTA RICA',6.5,1),('CRCS','CONMEBOL','VNZ','125_vsIUIix8r4sQspY083N6lwsL3rtpa','CARACAS FC',3,2),('CRCU','CONMEBOL','CHI','17EftjoXgm5p4S7HU5BCOA_-YrZHvOwG-','CURICO UNIDO',3,2),('CRO','UEFA',NULL,'1WDb9dP50ohDocUAl6SOodgMJI3wswNUS','CROACIA',8,1),('CRT','CONMEBOL','BRA','1dWZl5V3b9amWBB_1GCA6YGLI9qDxVf4Z','CORINTHIANS',3,2),('CSK','UEFA','RUS','117BKiL-p8WOaoxsuEhYPyehK-lsEOTU2','CSK MOSCU',3,2),('CZH','UEFA',NULL,'17Fr0_tCOn95kzfeBZ8t-v7PSGCep5MB1','REPUBLICA CHECA',7.5,1),('CZR','CONMEBOL','BRA','1fL5wQd2jj5x9ZTPIUOYgehoIJ_2Zfi-K','CRUZEIRO',3,2),('DFS','CONMEBOL','URU','1zNX-1U467DhZ9oQrmcoVQwIVMwGaSyNj','DEFENSOR SPORTING',3,2),('DLF','CONMEBOL','ECU','1BMsi-w5fXMBQSG2MmxVz-6hsv2_9MumG','DELFIN',3,2),('DLR','CONMEBOL','VNZ','1A3TE6b6qW4ozehYQq01s8u6y8bcqVZDc','DEPORTIVO LARA',3,2),('DNB','CONMEBOL','URU','1ZaYfaU_qEjTy58ZXgiKWtNtqCXUn40tq','DANUBIO',3,2),('DNM','UEFA',NULL,'1wHu5M8hCW-s93Kdics3s-tj5IZcV7yEU','DINAMARCA',8.6,1),('DYJ','CONMEBOL','ARG','1XVhLhB89lsVjXQezC29ofJ75HWzu_SPd','DEFENSA Y JUSTICIA',3,2),('DZG','UEFA','CRO','1ZHvKw4FMRa1gfsS6AWpjVzmVTmm1u1RE','DINAMO ZAGRED',3,2),('ECU','CONMEBOL',NULL,'1BJ8gmCfMVUNdVRp6L0rqrr3ZN1FWprUE','ECUADOR',7.5,1),('EGP','CAF',NULL,'117QQdkeV14i65H_mvSlbTCO4WXmVvXfx','EGIPTO',6.5,1),('EML','CONMEBOL','ECU','19ri5Qt0DNwK8v7ryfZSsFOfDf2ejnQvU','EMELEC',3,2),('ENG','CONMEBOL','COL','19X6Uxx1i_VdyYyzA-OVImaVz6EUVLt3u','ENVIGADO',3,2),('EQD','CONMEBOL','COL','1JqaRsbyfjdv6_kYo41eoM49m6qw-8ydW','EQUIDAD',3,2),('ESC','UEFA',NULL,'12dHzEbmvrMdFcfwWKG0CKRnhgp-_BvUc','ESCOCIA',7,1),('ESP','UEFA',NULL,'10DAkB99H2oFs8KRjNqsAKXfvAp6Ae0Vi','ESPAÑA',9.2,1),('EST','CONMEBOL','ARG','16VDzXeGnGhIQrNbV4qStCnZC_6-6EUbe','ESTUDIANTES',3,2),('EUA','AFC','ARG','13Y0dbB3Zn3MOGZBCObrthqZ86UyNxeN9','EMIRATOS ARABES UNIDOS',5.5,1),('FLMG','CONMEBOL','BRA','1tNafUlSdfQJnxM8J3mAXf4XOovHf_W3h','FLAMENGO',3,2),('FLMN','CONMEBOL','BRA','1rplnQWxSOS60K1_gJpfxAP_TNVEQ99rB','FLUMINENSE',3,2),('FNL','UEFA',NULL,'13UootaFH1pSfgF3DTDU18Cd-kP9lEbBR','FILANDIA',6.2,1),('FRA','UEFA',NULL,'11i5MHB8tTnXDU6763yhOLgbcT5ELVLiZ','FRANCIA',9.5,1),('GHN','CAF',NULL,'1LnTueL6YfNkaeLp9PrInfitf2koPXOEU','GHANA',7,1),('GLB','UEFA',NULL,'1ygkpWc6CMqYe3u1GCPIxiVsh0nxqfD1D','GILBRALTAR',3,1),('GLS','UEFA',NULL,'1BZJ0vKhNBWdKf6ZQCnoVjm3OJYQlZtL7','GALES',6.8,1),('GLT','UEFA','TRQ','1EMnbL3kOgPU9mmcLUezjyTuD5EbCXANZ','GALATASARAY',3,2),('GRE','UEFA',NULL,'1hP6aSMYim1ZI7vOWqxK574VSvcb4q5Wp','GRECIA',7,1),('GRG','UEFA',NULL,'1yHUbD1pLXNE-rCmN31LRIMaDqxwl5fND','GEORGIA',3,1),('GRM','CONMEBOL','BRA','1lYGsbTF74E6JzUEqkPkxO-BdbaugH7og','GREMIO',3,2),('HND','CONCACAF',NULL,'1dTx2raRF6aoh6VS3EV7NKvI97onQNNji','HONDURAS',5.5,1),('HNG','UEFA',NULL,'1oDU9r4AUz1zRmviFYYGtpRnIG60Vm2AM','HUNGRIA',6.5,1),('HUI','CONMEBOL','COL','1P5y9EB3sQAlqZOOKC6Uexo0FgRJ81rGL','ATLETICO HUILA',3,1),('INDA','CONMEBOL','ARG','1uAufpKuFu0czaq3-9UT5mPoR_Z7aIXEh','INDEPENDIENTE',3,2),('ING','UEFA',NULL,'1J49ZJGy43PKcsnfXfcZ3Allx75iGCHg3','INGLATERRA',9,1),('INTB','CONMEBOL','BRA','17tvlPaZTl5O1LGKd8roGMdnx0jVG4e2A','INTERNACIONAL',3,2),('IRL','UEFA',NULL,'1VNu6vFGhJsieCzUMm_-DwTQWEB-vYWGt','IRLANDA',7,1),('IRLN','UEFA',NULL,'1le43vfp_ZMY53-ya34sl-NU9B8KJh3D1','IRLANDA DEL NORTE',6,1),('ISR','UEFA',NULL,'1E51vfps0G71GhL2ZXa_gwyxhR0N7PzN9','ISRAEL',5.8,1),('MED','CONMEBOL','COL','1bjXPDUvdIyKJYSJRCYzhi2Uz5wDCJyiw','INDEPENDIENTE MEDELLIN',3.5,2),('ONC','CONMEBOL','COL','1NNPFEkotrNxwCq-MlEScbGSFAyvcdSbZ','ONCE CALDAS',3,2),('SA','AFC','EUA','1GavMwWk4fXZN0OLNHBpJ3uuunN10rHvg','ARABIA SAUDITA',5.5,1),('SLV','UEFA',NULL,'1Yhy9O9sKqR5CjMLxVMDw3oMtApYVj7Wc','ESLOVENIA',6.5,1),('STF','CONMEBOL','COL','1Mi8tiCleq5ylnPQJlZWP7wIjdCGtkui6','INDEPENDIENTE SANTAFE',3.5,2),('SUIZ','UEFA',NULL,'1hBe1T57GiAEovfHHRadlhbEO3wnnCyVT','SUIZA',8.5,1);
/*!40000 ALTER TABLE `team` ENABLE KEYS */;
UNLOCK TABLES;

--
-- Dumping routines for database 'champions'
--
/*!40103 SET TIME_ZONE=@OLD_TIME_ZONE */;

/*!40101 SET SQL_MODE=@OLD_SQL_MODE */;
/*!40014 SET FOREIGN_KEY_CHECKS=@OLD_FOREIGN_KEY_CHECKS */;
/*!40014 SET UNIQUE_CHECKS=@OLD_UNIQUE_CHECKS */;
/*!40101 SET CHARACTER_SET_CLIENT=@OLD_CHARACTER_SET_CLIENT */;
/*!40101 SET CHARACTER_SET_RESULTS=@OLD_CHARACTER_SET_RESULTS */;
/*!40101 SET COLLATION_CONNECTION=@OLD_COLLATION_CONNECTION */;
/*!40111 SET SQL_NOTES=@OLD_SQL_NOTES */;

-- Dump completed on 2021-11-19 15:48:52
